{
    "game_programming_challenge": {
      "en": "You are a participant in a competitive programming game with other humans and LLMs. Your challenge is to create a Python programming problem that will challenge others but that you yourself can solve.\n\n⚠️ Rules:\n- Your function must be named `solution`.\n- You must provide **exactly 5** hidden test cases.\n- Your own solution will be tested first — if it fails, you will be disqualified.\n- The test cases must not appear in the problem description.\n- Output must follow the strict format shown below. Do not include any explanation or commentary.\n\nPlease respond with:\n\nProblem Description: <your description here>\nInput: <description of input format>\nOutput: <description of output format>\nExample: <one example input/output>\n\nStandard Solution:\n```python\n<your Python solution here>\n```\n\nHidden Test Cases:\n```json\n[\n  {\"input\": ..., \"output\": ...},\n  {\"input\": ..., \"output\": ...},\n  {\"input\": ..., \"output\": ...},\n  {\"input\": ..., \"output\": ...},\n  {\"input\": ..., \"output\": ...}\n]\n```"
    }
  }
  